{
    "total_runtime": 7.549118757247925,
    "num_documents": 1,
    "input_load_time": 0,
    "workflows": {
        "create_base_text_units": {
            "overall": 0.32734107971191406,
            "0_orderby": 0.002038240432739258,
            "1_zip": 0.0,
            "2_aggregate_override": 0.02410149574279785,
            "3_chunk": 0.2254161834716797,
            "4_select": 0.006125211715698242,
            "5_unroll": 0.010000944137573242,
            "6_rename": 0.006318330764770508,
            "7_genid": 0.008318185806274414,
            "8_unzip": 0.008496999740600586,
            "9_copy": 0.006788730621337891,
            "10_filter": 0.02653813362121582
        },
        "create_base_extracted_entities": {
            "overall": 0.07679462432861328,
            "0_entity_extract": 0.04863786697387695,
            "1_merge_graphs": 0.009214162826538086,
            "2_snapshot_rows": 0.013942241668701172
        },
        "create_summarized_entities": {
            "overall": 0.06078934669494629,
            "0_summarize_descriptions": 0.04183459281921387,
            "1_snapshot_rows": 0.015140771865844727
        },
        "create_base_entity_graph": {
            "overall": 1.3124973773956299,
            "0_cluster_graph": 0.8961215019226074,
            "1_snapshot_rows": 0.004171609878540039,
            "2_snapshot_rows": 0.4053778648376465,
            "3_select": 0.0068264007568359375
        },
        "create_final_entities": {
            "overall": 0.3575141429901123,
            "0_unpack_graph": 0.013189554214477539,
            "1_rename": 0.003941059112548828,
            "2_select": 0.016745567321777344,
            "3_dedupe": 0.1154484748840332,
            "4_rename": 0.01957249641418457,
            "5_filter": 0.04422140121459961,
            "6_text_split": 0.011138439178466797,
            "7_drop": 0.011935949325561523,
            "8_merge": 0.016000747680664062,
            "9_text_embed": 0.05740499496459961,
            "10_drop": 0.0037763118743896484,
            "11_filter": 0.03437662124633789
        },
        "create_final_nodes": {
            "overall": 0.2653467655181885,
            "0_layout_graph": 0.022986412048339844,
            "1_unpack_graph": 0.0,
            "2_unpack_graph": 0.033415794372558594,
            "3_filter": 0.04128241539001465,
            "4_drop": 0.01341867446899414,
            "5_select": 0.015150070190429688,
            "6_rename": 0.01857757568359375,
            "7_join": 0.02700519561767578,
            "8_convert": 0.06036210060119629,
            "9_rename": 0.023194313049316406
        },
        "create_final_communities": {
            "overall": 0.31905341148376465,
            "0_unpack_graph": 0.018952369689941406,
            "1_unpack_graph": 0.003178119659423828,
            "2_aggregate_override": 0.027120351791381836,
            "3_join": 0.029958724975585938,
            "4_join": 0.01863718032836914,
            "5_concat": 0.008518695831298828,
            "6_filter": 0.04394245147705078,
            "7_aggregate_override": 0.020900487899780273,
            "8_join": 0.013802051544189453,
            "9_filter": 0.04708290100097656,
            "10_fill": 0.016867876052856445,
            "11_merge": 0.019611358642578125,
            "12_copy": 0.022208690643310547,
            "13_select": 0.01763296127319336
        },
        "join_text_units_to_entity_ids": {
            "overall": 0.07225632667541504,
            "0_select": 0.015704870223999023,
            "1_unroll": 0.021079063415527344,
            "2_aggregate_override": 0.01979684829711914
        },
        "create_final_relationships": {
            "overall": 0.2719838619232178,
            "0_unpack_graph": 0.03609466552734375,
            "1_filter": 0.043304443359375,
            "2_rename": 0.018001317977905273,
            "3_filter": 0.044611215591430664,
            "4_drop": 0.021524667739868164,
            "5_compute_edge_combined_degree": 0.023432254791259766,
            "6_convert": 0.04692721366882324,
            "7_convert": 0.019865989685058594
        },
        "join_text_units_to_relationship_ids": {
            "overall": 0.10399746894836426,
            "0_select": 0.022167444229125977,
            "1_unroll": 0.025449514389038086,
            "2_aggregate_override": 0.025216341018676758,
            "3_select": 0.02150106430053711
        },
        "create_final_community_reports": {
            "overall": 0.1831068992614746,
            "0_prepare_community_reports_nodes": 0.022507190704345703,
            "1_prepare_community_reports_edges": 0.028061628341674805,
            "2_restore_community_hierarchy": 0.02679157257080078,
            "3_prepare_community_reports": 0.04560399055480957,
            "4_create_community_reports": 0.03568077087402344,
            "5_window": 0.012081384658813477
        },
        "create_final_text_units": {
            "overall": 0.1720435619354248,
            "0_select": 0.021244049072265625,
            "1_rename": 0.01079869270324707,
            "2_join": 0.038332462310791016,
            "3_join": 0.030041933059692383,
            "4_aggregate_override": 0.0260009765625,
            "5_select": 0.024202346801757812
        },
        "create_base_documents": {
            "overall": 0.26862192153930664,
            "0_unroll": 0.02468729019165039,
            "1_select": 0.023553848266601562,
            "2_rename": 0.017706632614135742,
            "3_join": 0.04198598861694336,
            "4_aggregate_override": 0.02784585952758789,
            "5_join": 0.03001689910888672,
            "6_rename": 0.014590978622436523,
            "7_convert": 0.06525421142578125
        },
        "create_final_documents": {
            "overall": 0.04684090614318848,
            "0_rename": 0.023052692413330078
        }
    }
}