{
    "total_runtime": 360.91781187057495,
    "num_documents": 2,
    "input_load_time": 0,
    "workflows": {
        "create_base_text_units": {
            "overall": 0.5524468421936035,
            "0_orderby": 0.017868518829345703,
            "1_zip": 0.005487918853759766,
            "2_aggregate_override": 0.014329195022583008,
            "3_chunk": 0.4077756404876709,
            "4_select": 0.01177835464477539,
            "5_unroll": 0.020730018615722656,
            "6_rename": 0.00601506233215332,
            "7_genid": 0.013078689575195312,
            "8_unzip": 0.008017539978027344,
            "9_copy": 0.009499549865722656,
            "10_filter": 0.03351020812988281
        },
        "create_base_extracted_entities": {
            "overall": 141.045095205307,
            "0_entity_extract": 140.5380461215973,
            "1_merge_graphs": 0.4664268493652344,
            "2_snapshot_rows": 0.02656722068786621
        },
        "create_summarized_entities": {
            "overall": 33.72681260108948,
            "0_summarize_descriptions": 33.70670795440674,
            "1_snapshot_rows": 0.015102863311767578
        },
        "create_base_entity_graph": {
            "overall": 0.8857357501983643,
            "0_cluster_graph": 0.7970762252807617,
            "1_snapshot_rows": 0.03546404838562012,
            "2_snapshot_rows": 0.0337677001953125,
            "3_select": 0.013480424880981445
        },
        "create_final_entities": {
            "overall": 5.378794193267822,
            "0_unpack_graph": 0.4085378646850586,
            "1_rename": 0.010010957717895508,
            "2_select": 0.01096200942993164,
            "3_dedupe": 0.0173184871673584,
            "4_rename": 0.017038345336914062,
            "5_filter": 0.052739858627319336,
            "6_text_split": 0.023005962371826172,
            "7_drop": 0.012000560760498047,
            "8_merge": 0.18098235130310059,
            "9_text_embed": 4.524293661117554,
            "10_drop": 0.013280391693115234,
            "11_filter": 0.09869527816772461
        },
        "create_final_nodes": {
            "overall": 2.4352664947509766,
            "0_layout_graph": 1.2229180335998535,
            "1_unpack_graph": 0.4683980941772461,
            "2_unpack_graph": 0.3936145305633545,
            "3_drop": 0.01287841796875,
            "4_filter": 0.08662199974060059,
            "5_select": 0.026701927185058594,
            "6_rename": 0.01344752311706543,
            "7_convert": 0.12416934967041016,
            "8_join": 0.058034420013427734,
            "9_rename": 0.015363693237304688
        },
        "create_final_communities": {
            "overall": 1.6756172180175781,
            "0_unpack_graph": 0.3928530216217041,
            "1_unpack_graph": 0.4071691036224365,
            "2_aggregate_override": 0.030910730361938477,
            "3_join": 0.04928445816040039,
            "4_join": 0.048064470291137695,
            "5_concat": 0.01850438117980957,
            "6_filter": 0.481217622756958,
            "7_aggregate_override": 0.04664444923400879,
            "8_join": 0.022233009338378906,
            "9_filter": 0.03791236877441406,
            "10_fill": 0.0339658260345459,
            "11_merge": 0.06023073196411133,
            "12_copy": 0.018166065216064453,
            "13_select": 0.016420602798461914
        },
        "join_text_units_to_entity_ids": {
            "overall": 0.088165283203125,
            "0_select": 0.017704010009765625,
            "1_unroll": 0.025992393493652344,
            "2_aggregate_override": 0.029175996780395508
        },
        "create_final_relationships": {
            "overall": 0.8009970188140869,
            "0_unpack_graph": 0.46214723587036133,
            "1_filter": 0.0798335075378418,
            "2_rename": 0.019836902618408203,
            "3_filter": 0.0909109115600586,
            "4_drop": 0.022603750228881836,
            "5_compute_edge_combined_degree": 0.02579665184020996,
            "6_convert": 0.05830574035644531,
            "7_convert": 0.0247495174407959
        },
        "join_text_units_to_relationship_ids": {
            "overall": 0.12407684326171875,
            "0_select": 0.02260875701904297,
            "1_unroll": 0.026274919509887695,
            "2_aggregate_override": 0.03108811378479004,
            "3_select": 0.02332925796508789
        },
        "create_final_community_reports": {
            "overall": 162.19392132759094,
            "0_prepare_community_reports_nodes": 0.0577387809753418,
            "1_prepare_community_reports_edges": 0.038979530334472656,
            "2_restore_community_hierarchy": 0.037680864334106445,
            "3_prepare_community_reports": 0.7906053066253662,
            "4_create_community_reports": 161.13071155548096,
            "5_window": 0.1094818115234375
        },
        "create_final_text_units": {
            "overall": 0.21986746788024902,
            "0_select": 0.026443958282470703,
            "1_rename": 0.024573326110839844,
            "2_join": 0.04215717315673828,
            "3_join": 0.03107142448425293,
            "4_aggregate_override": 0.0490107536315918,
            "5_select": 0.025859594345092773
        },
        "create_base_documents": {
            "overall": 0.37996697425842285,
            "0_unroll": 0.030324459075927734,
            "1_select": 0.030171871185302734,
            "2_rename": 0.030455350875854492,
            "3_join": 0.036454200744628906,
            "4_aggregate_override": 0.030429840087890625,
            "5_join": 0.03710746765136719,
            "6_rename": 0.025989294052124023,
            "7_convert": 0.13629651069641113
        },
        "create_final_documents": {
            "overall": 0.061369895935058594,
            "0_rename": 0.02867436408996582
        }
    }
}