{
    "total_runtime": 300.0951991081238,
    "num_documents": 2,
    "input_load_time": 0,
    "workflows": {
        "create_base_text_units": {
            "overall": 0.5340454578399658,
            "0_orderby": 0.0241086483001709,
            "1_zip": 0.0069959163665771484,
            "2_aggregate_override": 0.017279863357543945,
            "3_chunk": 0.3474154472351074,
            "4_select": 0.011939764022827148,
            "5_unroll": 0.024843215942382812,
            "6_rename": 0.0077228546142578125,
            "7_genid": 0.01880478858947754,
            "8_unzip": 0.015424251556396484,
            "9_copy": 0.006601810455322266,
            "10_filter": 0.048877716064453125
        },
        "create_base_extracted_entities": {
            "overall": 97.95800352096558,
            "0_entity_extract": 97.50526976585388,
            "1_merge_graphs": 0.4163963794708252,
            "2_snapshot_rows": 0.02084207534790039
        },
        "create_summarized_entities": {
            "overall": 26.338348150253296,
            "0_summarize_descriptions": 26.00231647491455,
            "1_snapshot_rows": 0.32694435119628906
        },
        "create_base_entity_graph": {
            "overall": 0.7109954357147217,
            "0_cluster_graph": 0.6177568435668945,
            "1_snapshot_rows": 0.037314653396606445,
            "2_snapshot_rows": 0.03655719757080078,
            "3_select": 0.011344432830810547
        },
        "create_final_entities": {
            "overall": 2.73695707321167,
            "0_unpack_graph": 0.20986485481262207,
            "1_rename": 0.015932798385620117,
            "2_select": 0.015268087387084961,
            "3_dedupe": 0.017732620239257812,
            "4_rename": 0.013643503189086914,
            "5_filter": 0.050710201263427734,
            "6_text_split": 0.02584695816040039,
            "7_drop": 0.017229318618774414,
            "8_merge": 0.12841320037841797,
            "9_text_embed": 2.1870076656341553,
            "10_drop": 0.012015342712402344,
            "11_filter": 0.03430342674255371
        },
        "create_final_nodes": {
            "overall": 1.904994249343872,
            "0_layout_graph": 0.8428514003753662,
            "1_unpack_graph": 0.3458976745605469,
            "2_unpack_graph": 0.3603050708770752,
            "3_drop": 0.026618003845214844,
            "4_filter": 0.06471133232116699,
            "5_select": 0.017874479293823242,
            "6_rename": 0.013957023620605469,
            "7_convert": 0.14194989204406738,
            "8_join": 0.06117725372314453,
            "9_rename": 0.017828941345214844
        },
        "create_final_communities": {
            "overall": 1.4204938411712646,
            "0_unpack_graph": 0.17692971229553223,
            "1_unpack_graph": 0.3694436550140381,
            "2_aggregate_override": 0.24532389640808105,
            "3_join": 0.04322075843811035,
            "4_join": 0.04458260536193848,
            "5_concat": 0.019438743591308594,
            "6_filter": 0.30278944969177246,
            "7_aggregate_override": 0.03493499755859375,
            "8_join": 0.023954391479492188,
            "9_filter": 0.047591447830200195,
            "10_fill": 0.020188331604003906,
            "11_merge": 0.03816390037536621,
            "12_copy": 0.018256425857543945,
            "13_select": 0.01938629150390625
        },
        "join_text_units_to_entity_ids": {
            "overall": 0.10872364044189453,
            "0_select": 0.027014732360839844,
            "1_unroll": 0.029656648635864258,
            "2_aggregate_override": 0.033522844314575195
        },
        "create_final_relationships": {
            "overall": 0.5782675743103027,
            "0_unpack_graph": 0.18801283836364746,
            "1_filter": 0.13402175903320312,
            "2_rename": 0.023110389709472656,
            "3_filter": 0.08189082145690918,
            "4_drop": 0.020142078399658203,
            "5_compute_edge_combined_degree": 0.02673172950744629,
            "6_convert": 0.06457638740539551,
            "7_convert": 0.02134251594543457
        },
        "join_text_units_to_relationship_ids": {
            "overall": 0.13254785537719727,
            "0_select": 0.02565479278564453,
            "1_unroll": 0.030536174774169922,
            "2_aggregate_override": 0.034677982330322266,
            "3_select": 0.023113250732421875
        },
        "create_final_community_reports": {
            "overall": 154.4744622707367,
            "0_prepare_community_reports_nodes": 0.05090808868408203,
            "1_prepare_community_reports_edges": 0.03807210922241211,
            "2_restore_community_hierarchy": 0.03524303436279297,
            "3_prepare_community_reports": 0.7061054706573486,
            "4_create_community_reports": 153.58607387542725,
            "5_window": 0.027820587158203125
        },
        "create_final_text_units": {
            "overall": 0.2187488079071045,
            "0_select": 0.02781844139099121,
            "1_rename": 0.02817821502685547,
            "2_join": 0.0354461669921875,
            "3_join": 0.03307080268859863,
            "4_aggregate_override": 0.04248690605163574,
            "5_select": 0.03094482421875
        },
        "create_base_documents": {
            "overall": 0.37738513946533203,
            "0_unroll": 0.03174543380737305,
            "1_select": 0.027933120727539062,
            "2_rename": 0.028348922729492188,
            "3_join": 0.030106067657470703,
            "4_aggregate_override": 0.029976367950439453,
            "5_join": 0.08430743217468262,
            "6_rename": 0.027158498764038086,
            "7_convert": 0.09306502342224121
        },
        "create_final_documents": {
            "overall": 0.055486202239990234,
            "0_rename": 0.029943466186523438
        }
    }
}