{
    "total_runtime": 9.749011754989624,
    "num_documents": 2,
    "input_load_time": 0,
    "workflows": {
        "create_base_text_units": {
            "overall": 0.28255605697631836,
            "0_orderby": 0.0,
            "1_zip": 0.017025470733642578,
            "2_aggregate_override": 0.0,
            "3_chunk": 0.23275208473205566,
            "4_select": 0.0,
            "5_unroll": 0.0,
            "6_rename": 0.0,
            "7_genid": 0.01852583885192871,
            "8_unzip": 0.003926515579223633,
            "9_copy": 0.0,
            "10_filter": 0.0
        },
        "create_base_extracted_entities": {
            "overall": 0.7023799419403076,
            "0_entity_extract": 0.5935075283050537,
            "1_merge_graphs": 0.10532188415527344,
            "2_snapshot_rows": 0.0035505294799804688
        },
        "create_summarized_entities": {
            "overall": 0.9437034130096436,
            "0_summarize_descriptions": 0.9408426284790039,
            "1_snapshot_rows": 0.0028607845306396484
        },
        "create_base_entity_graph": {
            "overall": 0.5512833595275879,
            "0_cluster_graph": 0.5110247135162354,
            "1_snapshot_rows": 0.006118297576904297,
            "2_snapshot_rows": 0.03414034843444824,
            "3_select": 0.0
        },
        "create_final_entities": {
            "overall": 0.920112133026123,
            "0_unpack_graph": 0.15167522430419922,
            "1_rename": 0.016388416290283203,
            "2_select": 0.0004982948303222656,
            "3_dedupe": 0.0,
            "4_rename": 0.0,
            "5_filter": 0.0,
            "6_text_split": 0.016833782196044922,
            "7_drop": 0.0,
            "8_merge": 0.10597538948059082,
            "9_text_embed": 0.6126668453216553,
            "10_drop": 0.0,
            "11_filter": 0.016074180603027344
        },
        "create_final_nodes": {
            "overall": 1.5426313877105713,
            "0_layout_graph": 0.9022190570831299,
            "1_unpack_graph": 0.3074471950531006,
            "2_unpack_graph": 0.2809314727783203,
            "3_drop": 0.0,
            "4_filter": 0.0323793888092041,
            "5_select": 0.0,
            "6_rename": 0.0,
            "7_join": 0.01563429832458496,
            "8_convert": 0.004019975662231445,
            "9_rename": 0.0
        },
        "create_final_communities": {
            "overall": 1.0829122066497803,
            "0_unpack_graph": 0.1327531337738037,
            "1_unpack_graph": 0.2991206645965576,
            "2_aggregate_override": 0.02319812774658203,
            "3_join": 0.028469562530517578,
            "4_join": 0.01691436767578125,
            "5_concat": 0.0,
            "6_filter": 0.5324585437774658,
            "7_aggregate_override": 0.01669907569885254,
            "8_join": 0.0,
            "9_filter": 0.018400192260742188,
            "10_fill": 0.0010001659393310547,
            "11_merge": 0.013898372650146484,
            "12_copy": 0.0,
            "13_select": 0.0
        },
        "join_text_units_to_entity_ids": {
            "overall": 0.0,
            "0_select": 0.0,
            "1_unroll": 0.0,
            "2_aggregate_override": 0.0
        },
        "create_final_relationships": {
            "overall": 0.37664151191711426,
            "0_unpack_graph": 0.30662083625793457,
            "1_filter": 0.02067708969116211,
            "2_rename": 0.0,
            "3_filter": 0.03337287902832031,
            "4_drop": 0.0,
            "5_compute_edge_combined_degree": 0.009674310684204102,
            "6_convert": 0.0,
            "7_convert": 0.006296396255493164
        },
        "join_text_units_to_relationship_ids": {
            "overall": 0.009091377258300781,
            "0_select": 0.0014417171478271484,
            "1_unroll": 0.0016655921936035156,
            "2_aggregate_override": 0.005984067916870117,
            "3_select": 0.0
        },
        "create_final_community_reports": {
            "overall": 0.8277873992919922,
            "0_prepare_community_reports_nodes": 0.03070688247680664,
            "1_prepare_community_reports_edges": 0.017118215560913086,
            "2_restore_community_hierarchy": 0.008074045181274414,
            "3_prepare_community_reports": 0.4399373531341553,
            "4_create_community_reports": 0.3309471607208252,
            "5_window": 0.0
        },
        "create_final_text_units": {
            "overall": 0.019777297973632812,
            "0_select": 0.0009443759918212891,
            "1_rename": 0.0014922618865966797,
            "2_join": 0.005739927291870117,
            "3_join": 0.005334377288818359,
            "4_aggregate_override": 0.004937887191772461,
            "5_select": 0.0007653236389160156
        },
        "create_base_documents": {
            "overall": 0.02164006233215332,
            "0_unroll": 0.0,
            "1_select": 0.0,
            "2_rename": 0.0,
            "3_join": 0.012167215347290039,
            "4_aggregate_override": 0.0024645328521728516,
            "5_join": 0.00498652458190918,
            "6_rename": 0.0,
            "7_convert": 0.00202178955078125
        },
        "create_final_documents": {
            "overall": 0.01479959487915039,
            "0_rename": 0.01479959487915039
        }
    }
}