{
    "total_runtime": 49.14280152320862,
    "num_documents": 2,
    "input_load_time": 0,
    "workflows": {
        "create_base_text_units": {
            "overall": 0.3433358669281006,
            "0_orderby": 0.010124683380126953,
            "1_zip": 0.0,
            "2_aggregate_override": 0.010194540023803711,
            "3_chunk": 0.2918832302093506,
            "4_select": 0.010324716567993164,
            "5_unroll": 0.01010441780090332,
            "6_rename": 0.00010967254638671875,
            "7_genid": 0.0,
            "8_unzip": 0.0,
            "9_copy": 0.0,
            "10_filter": 0.010594606399536133
        },
        "create_base_extracted_entities": {
            "overall": 0.7035095691680908,
            "0_entity_extract": 0.6054062843322754,
            "1_merge_graphs": 0.09320211410522461,
            "2_snapshot_rows": 0.00490117073059082
        },
        "create_summarized_entities": {
            "overall": 3.252044200897217,
            "0_summarize_descriptions": 3.2450318336486816,
            "1_snapshot_rows": 0.007012367248535156
        },
        "create_base_entity_graph": {
            "overall": 0.5967581272125244,
            "0_cluster_graph": 0.5627195835113525,
            "1_snapshot_rows": 0.01761627197265625,
            "2_snapshot_rows": 0.015801429748535156,
            "3_select": 0.0
        },
        "create_final_entities": {
            "overall": 0.9288973808288574,
            "0_unpack_graph": 0.14937472343444824,
            "1_rename": 0.0,
            "2_select": 0.0,
            "3_dedupe": 0.016865015029907227,
            "4_rename": 0.0,
            "5_filter": 0.010218143463134766,
            "6_text_split": 0.015578985214233398,
            "7_drop": 0.0010292530059814453,
            "8_merge": 0.1064457893371582,
            "9_text_embed": 0.6193239688873291,
            "10_drop": 0.0013637542724609375,
            "11_filter": 0.008697748184204102
        },
        "create_final_nodes": {
            "overall": 1.5163886547088623,
            "0_layout_graph": 0.882979154586792,
            "1_unpack_graph": 0.2974419593811035,
            "2_unpack_graph": 0.2759716510772705,
            "3_filter": 0.02189159393310547,
            "4_drop": 0.0,
            "5_select": 0.0,
            "6_rename": 0.0,
            "7_join": 0.027758359909057617,
            "8_convert": 0.010345935821533203,
            "9_rename": 0.0
        },
        "create_final_communities": {
            "overall": 0.9864070415496826,
            "0_unpack_graph": 0.13827180862426758,
            "1_unpack_graph": 0.2906160354614258,
            "2_aggregate_override": 0.017462730407714844,
            "3_join": 0.0354306697845459,
            "4_join": 0.03273820877075195,
            "5_concat": 0.004221916198730469,
            "6_filter": 0.4272744655609131,
            "7_aggregate_override": 0.014074325561523438,
            "8_join": 0.0,
            "9_filter": 0.008717060089111328,
            "10_fill": 0.0,
            "11_merge": 0.015254735946655273,
            "12_copy": 0.0,
            "13_select": 0.0010039806365966797
        },
        "join_text_units_to_entity_ids": {
            "overall": 0.009006738662719727,
            "0_select": 0.0010075569152832031,
            "1_unroll": 0.0020003318786621094,
            "2_aggregate_override": 0.005998849868774414
        },
        "create_final_relationships": {
            "overall": 0.319796085357666,
            "0_unpack_graph": 0.2617931365966797,
            "1_filter": 0.017826318740844727,
            "2_rename": 0.0,
            "3_filter": 0.029856204986572266,
            "4_drop": 0.0,
            "5_compute_edge_combined_degree": 0.0,
            "6_convert": 0.010320425033569336,
            "7_convert": 0.0
        },
        "join_text_units_to_relationship_ids": {
            "overall": 0.010319232940673828,
            "0_select": 0.0,
            "1_unroll": 0.0,
            "2_aggregate_override": 0.010319232940673828,
            "3_select": 0.0
        },
        "create_final_community_reports": {
            "overall": 38.04636526107788,
            "0_prepare_community_reports_nodes": 0.03392815589904785,
            "1_prepare_community_reports_edges": 0.009888887405395508,
            "2_restore_community_hierarchy": 0.009480953216552734,
            "3_prepare_community_reports": 0.4576694965362549,
            "4_create_community_reports": 37.53539776802063,
            "5_window": 0.0
        },
        "create_final_text_units": {
            "overall": 0.008553028106689453,
            "0_select": 0.0009770393371582031,
            "1_rename": 0.0,
            "2_join": 0.0039141178131103516,
            "3_join": 0.0036618709564208984,
            "4_aggregate_override": 0.0,
            "5_select": 0.0
        },
        "create_base_documents": {
            "overall": 0.009063720703125,
            "0_unroll": 0.001215219497680664,
            "1_select": 0.0,
            "2_rename": 0.0,
            "3_join": 0.0,
            "4_aggregate_override": 0.007619142532348633,
            "5_join": 0.00022935867309570312,
            "6_rename": 0.0,
            "7_convert": 0.0
        },
        "create_final_documents": {
            "overall": 0.0,
            "0_rename": 0.0
        }
    }
}