{
    "total_runtime": 247.44369554519653,
    "num_documents": 2,
    "input_load_time": 0,
    "workflows": {
        "create_base_text_units": {
            "overall": 0.47050976753234863,
            "0_orderby": 0.003010988235473633,
            "1_zip": 0.004130125045776367,
            "2_aggregate_override": 0.009528875350952148,
            "3_chunk": 0.3593454360961914,
            "4_select": 0.005678415298461914,
            "5_unroll": 0.012305021286010742,
            "6_rename": 0.008085012435913086,
            "7_genid": 0.012247323989868164,
            "8_unzip": 0.006002902984619141,
            "9_copy": 0.005999565124511719,
            "10_filter": 0.04118990898132324
        },
        "create_base_extracted_entities": {
            "overall": 83.5534520149231,
            "0_entity_extract": 83.41886162757874,
            "1_merge_graphs": 0.11649823188781738,
            "2_snapshot_rows": 0.013583660125732422
        },
        "create_summarized_entities": {
            "overall": 20.768291234970093,
            "0_summarize_descriptions": 20.750072479248047,
            "1_snapshot_rows": 0.013226985931396484
        },
        "create_base_entity_graph": {
            "overall": 0.6727042198181152,
            "0_cluster_graph": 0.6016948223114014,
            "1_snapshot_rows": 0.029565095901489258,
            "2_snapshot_rows": 0.025532007217407227,
            "3_select": 0.009285688400268555
        },
        "create_final_entities": {
            "overall": 2.6231191158294678,
            "0_unpack_graph": 0.1923987865447998,
            "1_rename": 0.009236574172973633,
            "2_select": 0.00836038589477539,
            "3_dedupe": 0.010882854461669922,
            "4_rename": 0.009894371032714844,
            "5_filter": 0.03922867774963379,
            "6_text_split": 0.022416114807128906,
            "7_drop": 0.010998249053955078,
            "8_merge": 0.1190493106842041,
            "9_text_embed": 2.1460766792297363,
            "10_drop": 0.01116633415222168,
            "11_filter": 0.03496909141540527
        },
        "create_final_nodes": {
            "overall": 2.1895692348480225,
            "0_layout_graph": 1.0556437969207764,
            "1_unpack_graph": 0.3989746570587158,
            "2_unpack_graph": 0.5065617561340332,
            "3_drop": 0.012512445449829102,
            "4_filter": 0.06650972366333008,
            "5_select": 0.01379847526550293,
            "6_rename": 0.014130115509033203,
            "7_convert": 0.05687451362609863,
            "8_join": 0.03384137153625488,
            "9_rename": 0.01564645767211914
        },
        "create_final_communities": {
            "overall": 1.6198289394378662,
            "0_unpack_graph": 0.2198348045349121,
            "1_unpack_graph": 0.5278046131134033,
            "2_aggregate_override": 0.019940614700317383,
            "3_join": 0.09103035926818848,
            "4_join": 0.05085873603820801,
            "5_concat": 0.017128467559814453,
            "6_filter": 0.4809865951538086,
            "7_aggregate_override": 0.034244537353515625,
            "8_join": 0.019512414932250977,
            "9_filter": 0.04169154167175293,
            "10_fill": 0.01715564727783203,
            "11_merge": 0.052898406982421875,
            "12_copy": 0.016144990921020508,
            "13_select": 0.01555943489074707
        },
        "join_text_units_to_entity_ids": {
            "overall": 0.07707691192626953,
            "0_select": 0.016672372817993164,
            "1_unroll": 0.019446372985839844,
            "2_aggregate_override": 0.02677297592163086
        },
        "create_final_relationships": {
            "overall": 0.726543664932251,
            "0_unpack_graph": 0.39394497871398926,
            "1_filter": 0.0770425796508789,
            "2_rename": 0.018994569778442383,
            "3_filter": 0.08881187438964844,
            "4_drop": 0.01900196075439453,
            "5_compute_edge_combined_degree": 0.050319671630859375,
            "6_convert": 0.0405271053314209,
            "7_convert": 0.021144628524780273
        },
        "join_text_units_to_relationship_ids": {
            "overall": 0.11275863647460938,
            "0_select": 0.01951456069946289,
            "1_unroll": 0.022634506225585938,
            "2_aggregate_override": 0.029249906539916992,
            "3_select": 0.022436141967773438
        },
        "create_final_community_reports": {
            "overall": 129.68811464309692,
            "0_prepare_community_reports_nodes": 0.052672386169433594,
            "1_prepare_community_reports_edges": 0.0639188289642334,
            "2_restore_community_hierarchy": 0.035066843032836914,
            "3_prepare_community_reports": 1.0396032333374023,
            "4_create_community_reports": 128.45090627670288,
            "5_window": 0.02590632438659668
        },
        "create_final_text_units": {
            "overall": 0.224961519241333,
            "0_select": 0.029221057891845703,
            "1_rename": 0.025542736053466797,
            "2_join": 0.04086041450500488,
            "3_join": 0.03436422348022461,
            "4_aggregate_override": 0.03610515594482422,
            "5_select": 0.03496956825256348
        },
        "create_base_documents": {
            "overall": 0.5478222370147705,
            "0_unroll": 0.04796338081359863,
            "1_select": 0.03139758110046387,
            "2_rename": 0.04451179504394531,
            "3_join": 0.06345009803771973,
            "4_aggregate_override": 0.046640634536743164,
            "5_join": 0.04479551315307617,
            "6_rename": 0.042836666107177734,
            "7_convert": 0.19310951232910156
        },
        "create_final_documents": {
            "overall": 0.0736227035522461,
            "0_rename": 0.03988957405090332
        }
    }
}