{
    "total_runtime": 30.21621823310852,
    "num_documents": 1,
    "input_load_time": 0,
    "workflows": {
        "create_base_text_units": {
            "overall": 1.2625746726989746,
            "0_orderby": 0.010555744171142578,
            "1_zip": 0.007397651672363281,
            "2_aggregate_override": 0.019190073013305664,
            "3_chunk": 1.1427724361419678,
            "4_select": 0.009276390075683594,
            "5_unroll": 0.015310049057006836,
            "6_rename": 0.006474494934082031,
            "7_genid": 0.007779836654663086,
            "8_unzip": 0.007648944854736328,
            "9_copy": 0.006929636001586914,
            "10_filter": 0.026174545288085938
        },
        "create_base_extracted_entities": {
            "overall": 12.701529502868652,
            "0_entity_extract": 12.67909049987793,
            "1_merge_graphs": 0.01686859130859375
        },
        "create_summarized_entities": {
            "overall": 0.05154299736022949,
            "0_summarize_descriptions": 0.05023336410522461
        },
        "create_base_entity_graph": {
            "overall": 0.056990861892700195,
            "0_cluster_graph": 0.03736567497253418,
            "1_select": 0.008785724639892578
        },
        "create_final_entities": {
            "overall": 0.7733068466186523,
            "0_unpack_graph": 0.014326333999633789,
            "1_rename": 0.012288331985473633,
            "2_select": 0.00992274284362793,
            "3_dedupe": 0.01763319969177246,
            "4_rename": 0.013169050216674805,
            "5_filter": 0.046540260314941406,
            "6_text_split": 0.013818740844726562,
            "7_drop": 0.025758743286132812,
            "8_merge": 0.0300290584564209,
            "9_text_embed": 0.5219366550445557,
            "10_drop": 0.017962217330932617,
            "11_filter": 0.04023170471191406
        },
        "create_final_nodes": {
            "overall": 0.5525588989257812,
            "0_layout_graph": 0.056868553161621094,
            "1_unpack_graph": 0.028794288635253906,
            "2_unpack_graph": 0.039201974868774414,
            "3_drop": 0.019869089126586914,
            "4_filter": 0.04711103439331055,
            "5_select": 0.025922775268554688,
            "6_rename": 0.02675604820251465,
            "7_join": 0.1830744743347168,
            "8_convert": 0.0801694393157959,
            "9_rename": 0.03179311752319336
        },
        "create_final_communities": {
            "overall": 0.6069564819335938,
            "0_unpack_graph": 0.03400301933288574,
            "1_unpack_graph": 0.027001619338989258,
            "2_aggregate_override": 0.061224937438964844,
            "3_join": 0.0681607723236084,
            "4_join": 0.05111098289489746,
            "5_concat": 0.04321742057800293,
            "6_filter": 0.1041264533996582,
            "7_aggregate_override": 0.02796149253845215,
            "8_join": 0.027617931365966797,
            "9_filter": 0.04792046546936035,
            "10_fill": 0.030696630477905273,
            "11_merge": 0.021854162216186523,
            "12_copy": 0.025666236877441406,
            "13_select": 0.020380020141601562
        },
        "join_text_units_to_entity_ids": {
            "overall": 0.07294774055480957,
            "0_select": 0.01651453971862793,
            "1_unroll": 0.01661229133605957,
            "2_aggregate_override": 0.022961854934692383
        },
        "create_final_relationships": {
            "overall": 0.4267263412475586,
            "0_unpack_graph": 0.020085573196411133,
            "1_filter": 0.16571855545043945,
            "2_rename": 0.018529653549194336,
            "3_filter": 0.08176136016845703,
            "4_drop": 0.021134376525878906,
            "5_compute_edge_combined_degree": 0.03563404083251953,
            "6_convert": 0.04714059829711914,
            "7_convert": 0.018891572952270508
        },
        "join_text_units_to_relationship_ids": {
            "overall": 0.11339068412780762,
            "0_select": 0.0201265811920166,
            "1_unroll": 0.022598981857299805,
            "2_aggregate_override": 0.02234792709350586,
            "3_select": 0.024267911911010742
        },
        "create_final_community_reports": {
            "overall": 7.9751763343811035,
            "0_prepare_community_reports_nodes": 0.023599863052368164,
            "1_prepare_community_reports_edges": 0.02358102798461914,
            "2_restore_community_hierarchy": 0.029115676879882812,
            "3_prepare_community_reports": 0.05092453956604004,
            "4_create_community_reports": 7.805363655090332,
            "5_window": 0.021852493286132812
        },
        "create_final_text_units": {
            "overall": 0.17282867431640625,
            "0_select": 0.022326231002807617,
            "1_rename": 0.02289867401123047,
            "2_join": 0.02781510353088379,
            "3_join": 0.028139829635620117,
            "4_aggregate_override": 0.02583456039428711,
            "5_select": 0.023539304733276367
        },
        "create_base_documents": {
            "overall": 0.29500913619995117,
            "0_unroll": 0.03564715385437012,
            "1_select": 0.04279279708862305,
            "2_rename": 0.024167537689208984,
            "3_join": 0.029989242553710938,
            "4_aggregate_override": 0.02853536605834961,
            "5_join": 0.032064199447631836,
            "6_rename": 0.025319337844848633,
            "7_convert": 0.053658246994018555
        },
        "create_final_documents": {
            "overall": 0.051502227783203125,
            "0_rename": 0.02747035026550293
        }
    }
}